Country,Continent
Afghanistan,Asia
Albania,Europe
Algeria,Africa
American Samoa,Oceania
Andorra,Europe
Angola,Africa
Anguilla,North America
Antarctica,Antarctica
Antigua and Barbuda,North America
Argentina,South America
Armenia,Asia
Aruba,North America
Australia,Australia
Austria,Europe
Azerbaijan,Asia
Bahamas,North America
Bahrain,Asia
Bangladesh,Asia
Barbados,North America
Belarus,Europe
Belgium,Europe
Belize,Central America
Benin,Africa
Bermuda,North America
Bhutan,Asia
Bolivia,South America
Bosnia and Herzegovina,Europe
Botswana,Africa
Bouvet Island,Antarctica
Brazil,South America
British Indian Ocean Territory,Africa
British Virgin Islands,North America
Brunei,Asia
Bulgaria,Europe
Burkina Faso,Africa
Burma,Asia
Burundi,Africa
Cambodia,Asia
Cameroon,Africa
Canada,North America
Cape Verde,Africa
Cayman Islands,North America
Central African Republic,Africa
Chad,Africa
Chile,South America
China,Asia
Christmas Island,Australia
Cocos Islands,Australia
Colombia,South America
Comoros,Africa
Cook Islands,Oceania
Costa Rica,Central America
Croatia,Europe
Cuba,North America
Curacao,America
Cyprus,Asia
Czech Republic,Europe
Democratic Republic of the Congo,Africa
Denmark,Europe
Djibouti,Africa
Dominica,North America
Dominican Republic,North America
Ecuador,South America
Egypt,Africa
El Salvador,Central America
Equatorial Guinea,Africa
Eritrea,Africa
Estonia,Europe
Ethiopia,Africa
Falkland Islands,South America
Faroe Islands,Europe
Fiji,Oceania
Finland,Europe
France,Europe
French Guiana,South America
French Polynesia,Oceania
French Southern and Antarctic Lands,Antarctica
Gabon,Africa
Gambia,Africa
Georgia,Asia
Germany,Europe
Ghana,Africa
Gibraltar,Europe
Greece,Europe
Greenland,North America
Grenada,North America
Guadeloupe,North America
Guam,Oceania
Guatemala,Central America
Guernsey,Europe
Guinea,Africa
Guinea-Bissau,Africa
Guyana,South America
Haiti,North America
Heard Island and McDonald Islands,Antarctica
Holy See (Vatican City),Europe
Honduras,Central America
Hong Kong,Asia
Hungary,Europe
Iceland,Europe
India,Asia
Indonesia,Asia
Iran,Asia
Iraq,Asia
Ireland,Europe
Isle of Man,Europe
Israel,Asia
Italy,Europe
Ivory Coast,Africa
Jamaica,North America
Japan,Asia
Jersey,Europe
Jordan,Asia
Kazakhstan,Asia
Kenya,Africa
Kiribati,Oceania
Kosovo,Europe
Kuwait,Asia
Kyrgyzstan,Asia
Laos,Asia
Latvia,Europe
Lebanon,Asia
Lesotho,Africa
Liberia,Africa
Libya,Africa
Liechtenstein,Europe
Lithuania,Europe
Luxembourg,Europe
Macau,Asia
Macedonia,Europe
Madagascar,Africa
Malawi,Africa
Malaysia,Asia
Maldives,Asia
Mali,Africa
Malta,Europe
Marshall Islands,Oceania
Martinique,North America
Mauritania,Africa
Mauritius,Africa
Mayotte,Africa
Mexico,Central America
Micronesia, Federated States of,Oceania
Moldova,Europe
Monaco,Europe
Mongolia,Asia
Montenegro,Europe
Montserrat,North America
Morocco,Africa
Mozambique,Africa
Namibia,Africa
Nauru,Oceania
Nepal,Asia
Netherlands Antilles,North America
Netherlands,Europe
New Caledonia,Oceania
New Zealand,Australia
Nicaragua,Central America
Niger,Africa
Nigeria,Africa
Niue,Oceania
Norfolk Island,Australia
North Korea,Asia
Northern Mariana Islands,Oceania
Norway,Europe
Oman,Asia
Pakistan,Asia
Palau,Oceania
Palestine,Asia
Panama,Central America
Papua New Guinea,Oceania
Paraguay,South America
Peru,South America
Philippines,Asia
Pitcairn Islands,Oceania
Poland,Europe
Portugal,Europe
Puerto Rico,North America
Qatar,Asia
Republic of the Congo,Africa
Reunion,Africa
Romania,Europe
Russia,Europe
Rwanda,Africa
Saint Barthelemy,America
Saint Helena, Ascension and Tristan da Cunha,Africa
Saint Kitts and Nevis,North America
Saint Lucia,North America
Saint Martin,America
Saint Pierre and Miquelon,North America
Saint Vincent and the Grenadines,North America
Samoa,Oceania
San Marino,Europe
Sao Tome and Principe,Africa
Saudi Arabia,Asia
Senegal,Africa
Serbia,Europe
Seychelles,Africa
Sierra Leone,Africa
Singapore,Asia
Slovakia,Europe
Slovenia,Europe
Solomon Islands,Oceania
Somalia,Africa
South Africa,Africa
South Georgia and South Sandwich Islands,Antarctica
South Korea,Asia
South Sudan,Africa
Spain,Europe
Sri Lanka,Asia
Sudan,Africa
Suriname,South America
Svalbard,Europe
Swaziland,Africa
Sweden,Europe
Switzerland,Europe
Syria,Asia
Taiwan,Asia
Tajikistan,Asia
Tanzania,Africa
Thailand,Asia
Timor-Leste,Asia
Togo,Africa
Tokelau,Oceania
Tonga,Oceania
Trinidad and Tobago,North America
Tunisia,Africa
Turkey,Asia
Turkmenistan,Asia
Turks and Caicos Islands,North America
Tuvalu,Oceania
Uganda,Africa
Ukraine,Europe
United Arab Emirates,Asia
United Kingdom,Europe
United States,North America
Uruguay,South America
Uzbekistan,Asia
Vanuatu,Oceania
Venezuela,South America
Vietnam,Asia
Virgin Islands,North America
Wallis and Futuna,Oceania
Western Sahara,Africa
Yemen,Asia
Zambia,Africa
Zimbabwe,Africa